ClientID,Email,Nom,Prenom
1,michael.michaeljordanie@gmail.com,Michael Jordanie,Michael
2,ron.ronhowardissant@outlook.com,Ron Howardissant,Ron
3,selena.selenasauce@gmail.com,Selena Sauce,Selena
4,joel.joelrobuchonnerie@free.fr,Joel Robuchonnerie,Joel
5,bong.bongjoonhoffman@free.fr,Bong Joon Hoffman,Bong
6,kobe.kobeboeuf@yahoo.fr,Kobe Boeuf,Kobe
7,angelina.angelinajolielaide@free.fr,Angelina Jolielaide,Angelina
8,calvin.snoopchien@yahoo.fr,Snoop Chien,Calvin
9,oprahb.oprahbinfrey@gmail.com,Oprah Binfrey,Oprah B
10,oprah.oprahwindfall@gmail.com,Oprah Windfall,Oprah
11,thomas.thomasedisonpro@sfr.fr,Thomas Edison Pro,Thomas
12,neymar.neymarfrite@sfr.fr,Neymar Frite,Neymar
13,denzel.denzelwashingmachine@gmail.com,Denzel Washingmachine,Denzel
14,roy.roylichtensteinum@yahoo.fr,Roy Lichtensteinum,Roy
15,florence.florencegriffiti@gmail.com,Florence Griffiti,Florence
16,vladimir.poutine@gmail.com,Poutine,Vladimir
17,cristiano.ronaldinhopro@orange.fr,Ronaldinho Pro,Cristiano
18,tiger.tigerbois@outlook.com,Tiger Bois,Tiger
19,tim.timmycook@gmail.com,Timmy Cook,Tim
20,hannah.hannahgadsbyen@free.fr,Hannah Gadsbyen,Hannah
21,trevor.trevornoahide@yahoo.fr,Trevor Noahide,Trevor
22,mindy.mindykalinggue@outlook.com,Mindy Kalinggue,Mindy
23,yayoi.yayoikusamine@sfr.fr,Yayoi Kusamine,Yayoi
24,christopher.christophernolanist@hotmail.fr,Christopher Nolanist,Christopher
25,francois.voltairique@yahoo.fr,Voltairique,Francois
26,marcel.marcelproustitude@free.fr,Marcel Proustitude,Marcel
27,kevinh.kevinhartissant@yahoo.fr,Kevin Hartissant,Kevin H
28,pharrell.pharrellchapeau@sfr.fr,Pharrell Chapeau,Pharrell
29,donald.trompette@free.fr,Trompette,Donald
30,bruno.brunodumontagne@free.fr,Bruno Dumontagne,Bruno
31,david.davidlettermanoir@hotmail.fr,David Lettermanoir,David
32,leonardo.dicaprice@yahoo.fr,DiCaprice,Leonardo
33,jeff.bezosfrit@orange.fr,Bezos Frit,Jeff
34,hillary.clintonpoulet@hotmail.fr,Clinton Poulet,Hillary
35,nicolas.copernicouille@orange.fr,Copernicouille,Nicolas
36,tom.tomcroisiere@hotmail.fr,Tom Croisiere,Tom
37,ricky.rickygervaisselle@yahoo.fr,Ricky Gervaisselle,Ricky
38,serena.serenawilliamsburg@gmail.com,Serena Williamsburg,Serena
39,sigmund.sigmundfreuduleux@gmail.com,Sigmund Freuduleux,Sigmund
40,rene.descarrement@sfr.fr,Descarrement,Rene
41,anthony.anthonyhopkinside@hotmail.fr,Anthony Hopkinside,Anthony
42,wes.wesandersone@outlook.com,Wes Andersone,Wes
43,marie.mariecoiffure@hotmail.fr,Marie Coiffure,Marie
44,ethan.ethancohenix@hotmail.fr,Ethan Cohenix,Ethan
45,rihanna.rihannafenetre@hotmail.fr,Rihanna Fenetre,Rihanna
46,sofia.sofiacoppolard@orange.fr,Sofia Coppolard,Sofia
47,swift.tayloree@sfr.fr,Tayloree,Swift
48,emmanuel.macaroni@gmail.com,Macaroni,Emmanuel
49,miley.mileycirque@sfr.fr,Miley Cirque,Miley
50,jamie.jamieolivierville@sfr.fr,Jamie Olivierville,Jamie
51,chrish.chrishemisphere@sfr.fr,Chris Hemisphere,Chris H
52,ava.avaduvernayeux@gmail.com,Ava DuVernayeux,Ava
53,wim.wimwendersoir@gmail.com,Wim Wendersoir,Wim
54,peter.peterjacksonne@hotmail.fr,Peter Jacksonne,Peter
55,jim.jimcarreyvolution@sfr.fr,Jim Carreyvolution,Jim
56,ronda.rouseymousse@outlook.com,Rousey Mousse,Ronda
57,shaquille.shaquillenoeud@orange.fr,Shaquille Noeud,Shaquille
58,timb.timburtonne@orange.fr,Tim Burtonne,Tim B
59,angela.merkelisant@gmail.com,Merkelisant,Angela
60,alain.alainducasseur@yahoo.fr,Alain Ducasseur,Alain
61,keith.keithharington@yahoo.fr,Keith Harington,Keith
62,jimmy.jimmyfallonne@yahoo.fr,Jimmy Fallonne,Jimmy
63,gary.garyoldmanoir@free.fr,Gary Oldmanoir,Gary
64,elon.mousse@hotmail.fr,Mousse,Elon
65,bo.boburnhamilton@yahoo.fr,Bo Burnhamilton,Bo
66,carl.carllewiston@hotmail.fr,Carl Lewiston,Carl
67,greta.gretagerwiggly@yahoo.fr,Greta Gerwiggly,Greta
68,demi.demilovatochaud@outlook.com,Demi Lovato Chaud,Demi
69,davidf.davidfinchere@hotmail.fr,David Finchere,David F
70,johnr.johncreillymonde@yahoo.fr,John C Reillymonde,John R
71,vincent.vangoghurt@orange.fr,Van Goghurt,Vincent
72,nikola.nikolatessla@gmail.com,Nikola Tessla,Nikola
73,truffaut.francoistruffautiere@hotmail.fr,Francois Truffautiere,Truffaut
74,abbas.abbaskiarostamie@orange.fr,Abbas Kiarostamie,Abbas
75,ben.benstillerismo@orange.fr,Ben Stillerismo,Ben
76,ed.edsheeranlaine@orange.fr,Ed Sheeran Laine,Ed
77,michaelh.michaelhanekeke@free.fr,Michael Hanekeke,Michael H
78,stephen.stephencolbertitude@gmail.com,Stephen Colbertitude,Stephen
79,emile.emilezolaique@gmail.com,Emile Zolaique,Emile
80,morgan.morganfreebird@sfr.fr,Morgan Freebird,Morgan
81,martin.martinscorsesitude@free.fr,Martin Scorsesitude,Martin
82,claude.monetargent@orange.fr,Monet Argent,Claude
83,lebron.lebronjambon@gmail.com,LeBron Jambon,LeBron
84,gordon.gordonramsayyy@gmail.com,Gordon Ramsayyy,Gordon
85,werner.wernerherzogurt@orange.fr,Werner Herzogurt,Werner
86,stephen.stephcurieux@orange.fr,Steph Curieux,Stephen
87,marcjr.zuckerfish@yahoo.fr,Zuckerfish,Marc Jr
88,andy.andywarhologramme@yahoo.fr,Andy Warhologramme,Andy
89,sacha.sachabaroncohen@hotmail.fr,Sacha Baroncohen,Sacha
90,quentin.quentintarantinoir@hotmail.fr,Quentin Tarantinoir,Quentin
91,albertc.albertcamusique@hotmail.fr,Albert Camusique,Albert C
92,lionel.lionelmessy@yahoo.fr,Lionel Messy,Lionel
93,frida.fridacalorique@orange.fr,Frida Calorique,Frida
94,willf.willferrellissant@hotmail.fr,Will Ferrellissant,Will F
95,will.willsmithe@gmail.com,Will Smithe,Will
96,banksy.banksybanquise@yahoo.fr,Banksy Banquise,Banksy
97,galileo.galileelequel@hotmail.fr,Galilee Lequel,Galileo
98,scarlett.scarlettjohanssonnerie@gmail.com,Scarlett Johanssonnerie,Scarlett
99,amy.amypohlerbear@hotmail.fr,Amy Pohler Bear,Amy
100,jeffk.jeffkoonsommer@outlook.com,Jeff Koonsommer,Jeff K
101,jeanpaul.jeanpaulsartreuse@orange.fr,Jean-Paul Sartreuse,Jean-Paul
102,chrisr.chrisrockfort@orange.fr,Chris Rockfort,Chris R
103,whoopi.whoopigoldbeurre@hotmail.fr,Whoopi Goldbeurre,Whoopi
104,albert.alberteinsteinium@outlook.com,Albert Einsteinium,Albert
105,pedro.pedroalmodovarique@hotmail.fr,Pedro Almodovarique,Pedro
106,jamesc.jamescameronade@sfr.fr,James Cameronade,James C
107,harry.harrystyle@sfr.fr,Harry Style,Harry
108,heston.hestonblumentalite@orange.fr,Heston Blumentalite,Heston
109,georgia.georgiaokeeffe@free.fr,Georgia OKeeffe,Georgia
110,phil.philsponge@sfr.fr,Phil Sponge,Phil
111,ari.ariastarte@sfr.fr,Ari Astarte,Ari
112,helen.helenmiroir@hotmail.fr,Helen Miroir,Helen
113,johnc.johncleesefromage@yahoo.fr,John Cleese Fromage,John C
114,salvador.salvadordalineaire@yahoo.fr,Salvador Dalineaire,Salvador
115,damien.damienhirsty@outlook.com,Damien Hirsty,Damien
116,george.georgelucasien@yahoo.fr,George Lucasien,George
117,jeanbaptiste.molieresauce@gmail.com,Moliere Sauce,Jean-Baptiste
118,novak.novakdjokovicchoc@free.fr,Novak Djokovic Choc,Novak
119,jayl.jaylenoble@sfr.fr,Jay Lenoble,Jay L
120,aubrey.drakecanard@free.fr,Drake Canard,Aubrey
121,stevec.stevecarellparoisse@gmail.com,Steve Carell Paroisse,Steve C
122,justin.justinbiebere@sfr.fr,Justin Biebere,Justin
123,chrise.chrisevian@outlook.com,Chris Evian,Chris E
124,claudec.claudechabrolette@gmail.com,Claude Chabrolette,Claude C
125,alexander.grahambellissimo@gmail.com,Graham Bellissimo,Alexander
126,marc.zuckerburg@free.fr,Zucker Burg,Marc
127,carlg.carljunggle@hotmail.fr,Carl Junggle,Carl G
128,clint.clinteastwoodpecker@free.fr,Clint Eastwoodpecker,Clint
129,barack.obamabarak@orange.fr,Obama Barak,Barack
130,usain.usainboulon@free.fr,Usain Boulon,Usain
131,pedroc.pedrocostarique@yahoo.fr,Pedro Costarique,Pedro C
132,michel.michelplatinie@gmail.com,Michel Platinie,Michel
133,francis.franciscopolard@free.fr,Francis Copolard,Francis
134,pablo.pablopicasseau@gmail.com,Pablo Picasseau,Pablo
135,roberte.roberteggersnoir@orange.fr,Robert Eggersnoir,Robert E
136,adam.adamsandlerville@yahoo.fr,Adam Sandlerville,Adam
137,paul.paulbocusien@gmail.com,Paul Bocusien,Paul
138,brad.bradpittie@free.fr,Brad Pittie,Brad
139,elonjr.muskrat@gmail.com,Musk Rat,Elon Jr
140,zinedine.zinedinezidanee@sfr.fr,Zinedine Zidanee,Zinedine
141,chrisp.chrisprattwurst@orange.fr,Chris Pratt Wurst,Chris P
142,lewis.lewishamiltonien@yahoo.fr,Lewis Hamiltonien,Lewis
143,napoleon.napoleonbonbon@hotmail.fr,Napoleon Bonbon,Napoleon
144,kevin.kevinjonasfrere@gmail.com,Kevin Jonas Frere,Kevin
145,charles.charlesleclairon@free.fr,Charles Leclairon,Charles
146,leonardod.davincicodes@yahoo.fr,Da Vinci Codes,Leonardo D
147,akira.akirakurosawait@free.fr,Akira Kurosawait,Akira
148,spike.spikeleelu@free.fr,Spike Leelu,Spike
149,louise.madonelouise@gmail.com,Madone Louise,Louise
150,eric.ericidleux@free.fr,Eric Idleux,Eric
151,joel.joelcohenix@gmail.com,Joel Cohenix,Joel
152,venus.venuswilliamsburg@hotmail.fr,Venus Williamsburg,Venus
153,meryl.merylstreepshow@sfr.fr,Meryl Streepshow,Meryl
154,denis.denisvilleneuveau@free.fr,Denis Villeneuveau,Denis
155,margaret.thatcheriste@free.fr,Thatcheriste,Margaret
156,samuel.samueljackpot@free.fr,Samuel Jackpot,Samuel
157,john.johnoliviervert@outlook.com,John Oliviervert,John
158,max.maxverstappenoir@outlook.com,Max Verstappenoir,Max
159,maria.mariasharabravo@yahoo.fr,Maria Sharabravo,Maria
160,ellend.ellendegenerite@sfr.fr,Ellen Degenerite,Ellen D
161,billjr.gatesy@sfr.fr,Gatesy,Bill Jr
162,isaac.isaacnewtonien@outlook.com,Isaac Newtonien,Isaac
163,bruno.brunomarsbar@yahoo.fr,Bruno Mars Bar,Bruno
164,ferran.ferranadriaticque@outlook.com,Ferran Adriaticque,Ferran
165,michelangelo.michelangegardien@hotmail.fr,Michel-Ange Gardien,Michelangelo
166,bey.beyoncereale@yahoo.fr,Beyoncereale,Bey
167,kylian.mbappeclap@sfr.fr,Mbappe Clap,Kylian
168,rowan.rowanatkinsonne@sfr.fr,Rowan Atkinsonne,Rowan
169,conor.mcgregoriste@outlook.com,McGregoriste,Conor
170,sebastian.sebastianvettelerre@hotmail.fr,Sebastian Vettelerre,Sebastian
171,stefanie.ladygagagaga@outlook.com,Lady Gaga Gaga,Stefanie
172,darwin.charlesdarwinage@orange.fr,Charles Darwinage,Darwin
173,michaelp.michaelpalincrepe@gmail.com,Michael Palin Crepe,Michael P
174,dave.davechappellerie@gmail.com,Dave Chappellerie,Dave
175,muhammad.alibaba@hotmail.fr,Ali Baba,Muhammad
176,terry.terrygilliamcoupe@free.fr,Terry Gilliam Coupe,Terry
177,nick.nickjonasfrere@free.fr,Nick Jonas Frere,Nick
178,ruben.rubenostlundissant@gmail.com,Ruben Ostlundissant,Ruben
179,mike.miketysonique@gmail.com,Mike Tysonique,Mike
180,tina.tinafeyeux@free.fr,Tina Feyeux,Tina
181,ingmar.ingmarbergmanoir@yahoo.fr,Ingmar Bergmanoir,Ingmar
182,joe.jonasjoseph@free.fr,Jonas Joseph,Joe
183,jay.jayx@outlook.com,Jay X,Jay
184,rafael.rafaelnadeau@yahoo.fr,Rafael Nadeau,Rafael
185,james.jamescordonbleu@outlook.com,James Cordonbleu,James
186,jeanjacques.rousseauvant@gmail.com,Rousseauvant,Jean-Jacques
187,emma.emmastonee@yahoo.fr,Emma Stonee,Emma
188,simone.simonebeauvoire@outlook.com,Simone Beauvoire,Simone
189,aziz.azizansariviera@outlook.com,Aziz Ansariviera,Aziz
190,jeanluc.jeanlucgodardeau@yahoo.fr,Jean-Luc Godardeau,Jean-Luc
191,ridley.ridleyscottage@hotmail.fr,Ridley Scottage,Ridley
192,andrei.andreitarkovskieur@orange.fr,Andrei Tarkovskieur,Andrei
193,robert.robertescalier@free.fr,Robert Escalier,Robert
194,conan.conanobrieneux@sfr.fr,Conan Obrieneux,Conan
195,vince.vincevaugnehan@outlook.com,Vince Vaugnehan,Vince
196,steven.stevenspielbergerie@free.fr,Steven Spielbergerie,Steven
197,jeanmichel.basquetball@orange.fr,Basquetball,Jean-Michel
198,cate.cateblanchisserie@sfr.fr,Cate Blanchisserie,Cate
199,natalie.natalieportmanteau@free.fr,Natalie Portmanteau,Natalie
200,katy.katyperiscope@gmail.com,Katy Periscope,Katy
26,marcel.marcelproustitude@free.fr,Marcel Proustitude,Marcel
25,francois.voltairique@yahoo.fr,Voltairique,Francois
13,denzel.denzelwashingmachine@gmail.com,Denzel Washingmachine,Denzel
39,sigmund.sigmundfreuduleux@gmail.com,Sigmund Freuduleux,Sigmund
12,neymar.neymarfrite@sfr.fr,Neymar Frite,Neymar
201,bo.boburnhamilton@yahoo.fr,Bo Burnhamilton,Bo
202,carl.carllewiston@hotmail.fr,Carl Lewiston,Carl
203,angela.merkelisant@gmail.com,Merkelisant,Angela
204,amy.amypohlerbear@hotmail.fr,Amy Pohler Bear,Amy
205,ronda.rouseymousse@outlook.com,Rousey Mousse,Ronda
