Email,EmployeID,NomEmployee,Prenom
alice.durand@entreprise.fr,1,Durand,Alice
baptiste.garcia@entreprise.fr,2,Garcia,Baptiste
camille.fontaine@entreprise.fr,3,Fontaine,Camille
david.roux@entreprise.fr,4,Roux,David
elise.blanc@entreprise.fr,5,Blanc,Elise
francois.morel@entreprise.fr,6,Morel,Francois
gaelle.andre@entreprise.fr,7,Andre,Gaelle
hugo.simon@entreprise.fr,8,Simon,Hugo
ines.bertrand@entreprise.fr,9,Bertrand,Ines
julien.colin@entreprise.fr,10,Colin,Julien
alice.durand11@entreprise.fr,11,Durand11,Alice
baptiste.garcia12@entreprise.fr,12,Garcia12,Baptiste
camille.fontaine13@entreprise.fr,13,Fontaine13,Camille
david.roux14@entreprise.fr,14,Roux14,David
elise.blanc15@entreprise.fr,15,Blanc15,Elise
francois.morel16@entreprise.fr,16,Morel16,Francois
gaelle.andre17@entreprise.fr,17,Andre17,Gaelle
hugo.simon18@entreprise.fr,18,Simon18,Hugo
ines.bertrand19@entreprise.fr,19,Bertrand19,Ines
julien.colin20@entreprise.fr,20,Colin20,Julien
alice.durand21@entreprise.fr,21,Durand21,Alice
baptiste.garcia22@entreprise.fr,22,Garcia22,Baptiste
camille.fontaine23@entreprise.fr,23,Fontaine23,Camille
david.roux24@entreprise.fr,24,Roux24,David
elise.blanc25@entreprise.fr,25,Blanc25,Elise
francois.morel26@entreprise.fr,26,Morel26,Francois
gaelle.andre27@entreprise.fr,27,Andre27,Gaelle
hugo.simon28@entreprise.fr,28,Simon28,Hugo
ines.bertrand29@entreprise.fr,29,Bertrand29,Ines
julien.colin30@entreprise.fr,30,Colin30,Julien
alice.durand31@entreprise.fr,31,Durand31,Alice
baptiste.garcia32@entreprise.fr,32,Garcia32,Baptiste
camille.fontaine33@entreprise.fr,33,Fontaine33,Camille
david.roux34@entreprise.fr,34,Roux34,David
elise.blanc35@entreprise.fr,35,Blanc35,Elise
francois.morel36@entreprise.fr,36,Morel36,Francois
gaelle.andre37@entreprise.fr,37,Andre37,Gaelle
hugo.simon38@entreprise.fr,38,Simon38,Hugo
ines.bertrand39@entreprise.fr,39,Bertrand39,Ines
julien.colin40@entreprise.fr,40,Colin40,Julien
alice.durand41@entreprise.fr,41,Durand41,Alice
baptiste.garcia42@entreprise.fr,42,Garcia42,Baptiste
camille.fontaine43@entreprise.fr,43,Fontaine43,Camille
david.roux44@entreprise.fr,44,Roux44,David
elise.blanc45@entreprise.fr,45,Blanc45,Elise
francois.morel46@entreprise.fr,46,Morel46,Francois
gaelle.andre47@entreprise.fr,47,Andre47,Gaelle
hugo.simon48@entreprise.fr,48,Simon48,Hugo
ines.bertrand49@entreprise.fr,49,Bertrand49,Ines
julien.colin50@entreprise.fr,50,Colin50,Julien
alice.durand51@entreprise.fr,51,Durand51,Alice
baptiste.garcia52@entreprise.fr,52,Garcia52,Baptiste
camille.fontaine53@entreprise.fr,53,Fontaine53,Camille
david.roux54@entreprise.fr,54,Roux54,David
elise.blanc55@entreprise.fr,55,Blanc55,Elise
francois.morel56@entreprise.fr,56,Morel56,Francois
gaelle.andre57@entreprise.fr,57,Andre57,Gaelle
hugo.simon58@entreprise.fr,58,Simon58,Hugo
ines.bertrand59@entreprise.fr,59,Bertrand59,Ines
julien.colin60@entreprise.fr,60,Colin60,Julien
alice.durand61@entreprise.fr,61,Durand61,Alice
baptiste.garcia62@entreprise.fr,62,Garcia62,Baptiste
camille.fontaine63@entreprise.fr,63,Fontaine63,Camille
david.roux64@entreprise.fr,64,Roux64,David
elise.blanc65@entreprise.fr,65,Blanc65,Elise
francois.morel66@entreprise.fr,66,Morel66,Francois
gaelle.andre67@entreprise.fr,67,Andre67,Gaelle
hugo.simon68@entreprise.fr,68,Simon68,Hugo
ines.bertrand69@entreprise.fr,69,Bertrand69,Ines
julien.colin70@entreprise.fr,70,Colin70,Julien
alice.durand71@entreprise.fr,71,Durand71,Alice
baptiste.garcia72@entreprise.fr,72,Garcia72,Baptiste
camille.fontaine73@entreprise.fr,73,Fontaine73,Camille
david.roux74@entreprise.fr,74,Roux74,David
elise.blanc75@entreprise.fr,75,Blanc75,Elise
francois.morel76@entreprise.fr,76,Morel76,Francois
gaelle.andre77@entreprise.fr,77,Andre77,Gaelle
hugo.simon78@entreprise.fr,78,Simon78,Hugo
ines.bertrand79@entreprise.fr,79,Bertrand79,Ines
julien.colin80@entreprise.fr,80,Colin80,Julien
alice.durand81@entreprise.fr,81,Durand81,Alice
baptiste.garcia82@entreprise.fr,82,Garcia82,Baptiste
camille.fontaine83@entreprise.fr,83,Fontaine83,Camille
david.roux84@entreprise.fr,84,Roux84,David
elise.blanc85@entreprise.fr,85,Blanc85,Elise
francois.morel86@entreprise.fr,86,Morel86,Francois
gaelle.andre87@entreprise.fr,87,Andre87,Gaelle
hugo.simon88@entreprise.fr,88,Simon88,Hugo
ines.bertrand89@entreprise.fr,89,Bertrand89,Ines
julien.colin90@entreprise.fr,90,Colin90,Julien
alice.durand91@entreprise.fr,91,Durand91,Alice
baptiste.garcia92@entreprise.fr,92,Garcia92,Baptiste
camille.fontaine93@entreprise.fr,93,Fontaine93,Camille
david.roux94@entreprise.fr,94,Roux94,David
elise.blanc95@entreprise.fr,95,Blanc95,Elise
francois.morel96@entreprise.fr,96,Morel96,Francois
gaelle.andre97@entreprise.fr,97,Andre97,Gaelle
hugo.simon98@entreprise.fr,98,Simon98,Hugo
ines.bertrand99@entreprise.fr,99,Bertrand99,Ines
julien.colin100@entreprise.fr,100,Colin100,Julien
alice.durand101@entreprise.fr,101,Durand101,Alice
baptiste.garcia102@entreprise.fr,102,Garcia102,Baptiste
camille.fontaine103@entreprise.fr,103,Fontaine103,Camille
david.roux104@entreprise.fr,104,Roux104,David
elise.blanc105@entreprise.fr,105,Blanc105,Elise
francois.morel106@entreprise.fr,106,Morel106,Francois
gaelle.andre107@entreprise.fr,107,Andre107,Gaelle
hugo.simon108@entreprise.fr,108,Simon108,Hugo
ines.bertrand109@entreprise.fr,109,Bertrand109,Ines
julien.colin110@entreprise.fr,110,Colin110,Julien
alice.durand111@entreprise.fr,111,Durand111,Alice
baptiste.garcia112@entreprise.fr,112,Garcia112,Baptiste
camille.fontaine113@entreprise.fr,113,Fontaine113,Camille
david.roux114@entreprise.fr,114,Roux114,David
elise.blanc115@entreprise.fr,115,Blanc115,Elise
francois.morel116@entreprise.fr,116,Morel116,Francois
gaelle.andre117@entreprise.fr,117,Andre117,Gaelle
hugo.simon118@entreprise.fr,118,Simon118,Hugo
ines.bertrand119@entreprise.fr,119,Bertrand119,Ines
julien.colin120@entreprise.fr,120,Colin120,Julien
alice.durand121@entreprise.fr,121,Durand121,Alice
baptiste.garcia122@entreprise.fr,122,Garcia122,Baptiste
camille.fontaine123@entreprise.fr,123,Fontaine123,Camille
david.roux124@entreprise.fr,124,Roux124,David
elise.blanc125@entreprise.fr,125,Blanc125,Elise
francois.morel126@entreprise.fr,126,Morel126,Francois
gaelle.andre127@entreprise.fr,127,Andre127,Gaelle
hugo.simon128@entreprise.fr,128,Simon128,Hugo
ines.bertrand129@entreprise.fr,129,Bertrand129,Ines
julien.colin130@entreprise.fr,130,Colin130,Julien
alice.durand131@entreprise.fr,131,Durand131,Alice
baptiste.garcia132@entreprise.fr,132,Garcia132,Baptiste
camille.fontaine133@entreprise.fr,133,Fontaine133,Camille
david.roux134@entreprise.fr,134,Roux134,David
elise.blanc135@entreprise.fr,135,Blanc135,Elise
francois.morel136@entreprise.fr,136,Morel136,Francois
gaelle.andre137@entreprise.fr,137,Andre137,Gaelle
hugo.simon138@entreprise.fr,138,Simon138,Hugo
ines.bertrand139@entreprise.fr,139,Bertrand139,Ines
julien.colin140@entreprise.fr,140,Colin140,Julien
alice.durand141@entreprise.fr,141,Durand141,Alice
baptiste.garcia142@entreprise.fr,142,Garcia142,Baptiste
camille.fontaine143@entreprise.fr,143,Fontaine143,Camille
david.roux144@entreprise.fr,144,Roux144,David
elise.blanc145@entreprise.fr,145,Blanc145,Elise
francois.morel146@entreprise.fr,146,Morel146,Francois
gaelle.andre147@entreprise.fr,147,Andre147,Gaelle
hugo.simon148@entreprise.fr,148,Simon148,Hugo
ines.bertrand149@entreprise.fr,149,Bertrand149,Ines
julien.colin150@entreprise.fr,150,Colin150,Julien
alice.durand151@entreprise.fr,151,Durand151,Alice
baptiste.garcia152@entreprise.fr,152,Garcia152,Baptiste
camille.fontaine153@entreprise.fr,153,Fontaine153,Camille
david.roux154@entreprise.fr,154,Roux154,David
elise.blanc155@entreprise.fr,155,Blanc155,Elise
francois.morel156@entreprise.fr,156,Morel156,Francois
gaelle.andre157@entreprise.fr,157,Andre157,Gaelle
hugo.simon158@entreprise.fr,158,Simon158,Hugo
ines.bertrand159@entreprise.fr,159,Bertrand159,Ines
julien.colin160@entreprise.fr,160,Colin160,Julien
alice.durand161@entreprise.fr,161,Durand161,Alice
baptiste.garcia162@entreprise.fr,162,Garcia162,Baptiste
camille.fontaine163@entreprise.fr,163,Fontaine163,Camille
david.roux164@entreprise.fr,164,Roux164,David
elise.blanc165@entreprise.fr,165,Blanc165,Elise
francois.morel166@entreprise.fr,166,Morel166,Francois
gaelle.andre167@entreprise.fr,167,Andre167,Gaelle
hugo.simon168@entreprise.fr,168,Simon168,Hugo
ines.bertrand169@entreprise.fr,169,Bertrand169,Ines
julien.colin170@entreprise.fr,170,Colin170,Julien
alice.durand171@entreprise.fr,171,Durand171,Alice
baptiste.garcia172@entreprise.fr,172,Garcia172,Baptiste
camille.fontaine173@entreprise.fr,173,Fontaine173,Camille
david.roux174@entreprise.fr,174,Roux174,David
elise.blanc175@entreprise.fr,175,Blanc175,Elise
francois.morel176@entreprise.fr,176,Morel176,Francois
gaelle.andre177@entreprise.fr,177,Andre177,Gaelle
hugo.simon178@entreprise.fr,178,Simon178,Hugo
ines.bertrand179@entreprise.fr,179,Bertrand179,Ines
julien.colin180@entreprise.fr,180,Colin180,Julien
alice.durand181@entreprise.fr,181,Durand181,Alice
baptiste.garcia182@entreprise.fr,182,Garcia182,Baptiste
camille.fontaine183@entreprise.fr,183,Fontaine183,Camille
david.roux184@entreprise.fr,184,Roux184,David
elise.blanc185@entreprise.fr,185,Blanc185,Elise
francois.morel186@entreprise.fr,186,Morel186,Francois
gaelle.andre187@entreprise.fr,187,Andre187,Gaelle
hugo.simon188@entreprise.fr,188,Simon188,Hugo
ines.bertrand189@entreprise.fr,189,Bertrand189,Ines
julien.colin190@entreprise.fr,190,Colin190,Julien
alice.durand191@entreprise.fr,191,Durand191,Alice
baptiste.garcia192@entreprise.fr,192,Garcia192,Baptiste
camille.fontaine193@entreprise.fr,193,Fontaine193,Camille
david.roux194@entreprise.fr,194,Roux194,David
elise.blanc195@entreprise.fr,195,Blanc195,Elise
francois.morel196@entreprise.fr,196,Morel196,Francois
gaelle.andre197@entreprise.fr,197,Andre197,Gaelle
hugo.simon198@entreprise.fr,198,Simon198,Hugo
ines.bertrand199@entreprise.fr,199,Bertrand199,Ines
julien.colin200@entreprise.fr,200,Colin200,Julien
