Email,FournisseurID,NomFournisseur
contact@techsupply.fr,1,TechSupply SAS
info@bureauplus.fr,2,BureauPlus
ventes@electroworld.fr,3,ElectroWorld
commandes@mobilier-pro.fr,4,Mobilier Pro
achat@papeterie-express.fr,5,Papeterie Express
pro@innosoft.fr,6,InnoSoft
sales@datahard.fr,7,DataHard
hello@greenoffice.fr,8,GreenOffice
orders@megadistrib.fr,9,MegaDistrib
info@alphalogistik.de,10,AlphaLogistik
contact11@techsupply.fr,11,TechSupply SAS France
contact12@bureauplus.fr,12,BureauPlus Europe
contact13@electroworld.fr,13,ElectroWorld Pro
contact14@mobilier-pro.fr,14,Mobilier Pro Plus
contact15@papeterie-express.fr,15,Papeterie Express Expert
contact16@innosoft.fr,16,InnoSoft Direct
contact17@datahard.fr,17,DataHard Global
contact18@greenoffice.fr,18,GreenOffice Solutions
contact19@megadistrib.fr,19,MegaDistrib Group
contact20@alphalogistik.de,20,AlphaLogistik Net
contact21@techsupply.fr,21,TechSupply SAS France
contact22@bureauplus.fr,22,BureauPlus Europe
contact23@electroworld.fr,23,ElectroWorld Pro
contact24@mobilier-pro.fr,24,Mobilier Pro Plus
contact25@papeterie-express.fr,25,Papeterie Express Expert
contact26@innosoft.fr,26,InnoSoft Direct
contact27@datahard.fr,27,DataHard Global
contact28@greenoffice.fr,28,GreenOffice Solutions
contact29@megadistrib.fr,29,MegaDistrib Group
contact30@alphalogistik.de,30,AlphaLogistik Net
contact31@techsupply.fr,31,TechSupply SAS France
contact32@bureauplus.fr,32,BureauPlus Europe
contact33@electroworld.fr,33,ElectroWorld Pro
contact34@mobilier-pro.fr,34,Mobilier Pro Plus
contact35@papeterie-express.fr,35,Papeterie Express Expert
contact36@innosoft.fr,36,InnoSoft Direct
contact37@datahard.fr,37,DataHard Global
contact38@greenoffice.fr,38,GreenOffice Solutions
contact39@megadistrib.fr,39,MegaDistrib Group
contact40@alphalogistik.de,40,AlphaLogistik Net
contact41@techsupply.fr,41,TechSupply SAS France
contact42@bureauplus.fr,42,BureauPlus Europe
contact43@electroworld.fr,43,ElectroWorld Pro
contact44@mobilier-pro.fr,44,Mobilier Pro Plus
contact45@papeterie-express.fr,45,Papeterie Express Expert
contact46@innosoft.fr,46,InnoSoft Direct
contact47@datahard.fr,47,DataHard Global
contact48@greenoffice.fr,48,GreenOffice Solutions
contact49@megadistrib.fr,49,MegaDistrib Group
contact50@alphalogistik.de,50,AlphaLogistik Net
contact51@techsupply.fr,51,TechSupply SAS France
contact52@bureauplus.fr,52,BureauPlus Europe
contact53@electroworld.fr,53,ElectroWorld Pro
contact54@mobilier-pro.fr,54,Mobilier Pro Plus
contact55@papeterie-express.fr,55,Papeterie Express Expert
contact56@innosoft.fr,56,InnoSoft Direct
contact57@datahard.fr,57,DataHard Global
contact58@greenoffice.fr,58,GreenOffice Solutions
contact59@megadistrib.fr,59,MegaDistrib Group
contact60@alphalogistik.de,60,AlphaLogistik Net
contact61@techsupply.fr,61,TechSupply SAS France
contact62@bureauplus.fr,62,BureauPlus Europe
contact63@electroworld.fr,63,ElectroWorld Pro
contact64@mobilier-pro.fr,64,Mobilier Pro Plus
contact65@papeterie-express.fr,65,Papeterie Express Expert
contact66@innosoft.fr,66,InnoSoft Direct
contact67@datahard.fr,67,DataHard Global
contact68@greenoffice.fr,68,GreenOffice Solutions
contact69@megadistrib.fr,69,MegaDistrib Group
contact70@alphalogistik.de,70,AlphaLogistik Net
contact71@techsupply.fr,71,TechSupply SAS France
contact72@bureauplus.fr,72,BureauPlus Europe
contact73@electroworld.fr,73,ElectroWorld Pro
contact74@mobilier-pro.fr,74,Mobilier Pro Plus
contact75@papeterie-express.fr,75,Papeterie Express Expert
contact76@innosoft.fr,76,InnoSoft Direct
contact77@datahard.fr,77,DataHard Global
contact78@greenoffice.fr,78,GreenOffice Solutions
contact79@megadistrib.fr,79,MegaDistrib Group
contact80@alphalogistik.de,80,AlphaLogistik Net
contact81@techsupply.fr,81,TechSupply SAS France
contact82@bureauplus.fr,82,BureauPlus Europe
contact83@electroworld.fr,83,ElectroWorld Pro
contact84@mobilier-pro.fr,84,Mobilier Pro Plus
contact85@papeterie-express.fr,85,Papeterie Express Expert
contact86@innosoft.fr,86,InnoSoft Direct
contact87@datahard.fr,87,DataHard Global
contact88@greenoffice.fr,88,GreenOffice Solutions
contact89@megadistrib.fr,89,MegaDistrib Group
contact90@alphalogistik.de,90,AlphaLogistik Net
contact91@techsupply.fr,91,TechSupply SAS France
contact92@bureauplus.fr,92,BureauPlus Europe
contact93@electroworld.fr,93,ElectroWorld Pro
contact94@mobilier-pro.fr,94,Mobilier Pro Plus
contact95@papeterie-express.fr,95,Papeterie Express Expert
contact96@innosoft.fr,96,InnoSoft Direct
contact97@datahard.fr,97,DataHard Global
contact98@greenoffice.fr,98,GreenOffice Solutions
contact99@megadistrib.fr,99,MegaDistrib Group
contact100@alphalogistik.de,100,AlphaLogistik Net
contact101@techsupply.fr,101,TechSupply SAS France
contact102@bureauplus.fr,102,BureauPlus Europe
contact103@electroworld.fr,103,ElectroWorld Pro
contact104@mobilier-pro.fr,104,Mobilier Pro Plus
contact105@papeterie-express.fr,105,Papeterie Express Expert
contact106@innosoft.fr,106,InnoSoft Direct
contact107@datahard.fr,107,DataHard Global
contact108@greenoffice.fr,108,GreenOffice Solutions
contact109@megadistrib.fr,109,MegaDistrib Group
contact110@alphalogistik.de,110,AlphaLogistik Net
contact111@techsupply.fr,111,TechSupply SAS France
contact112@bureauplus.fr,112,BureauPlus Europe
contact113@electroworld.fr,113,ElectroWorld Pro
contact114@mobilier-pro.fr,114,Mobilier Pro Plus
contact115@papeterie-express.fr,115,Papeterie Express Expert
contact116@innosoft.fr,116,InnoSoft Direct
contact117@datahard.fr,117,DataHard Global
contact118@greenoffice.fr,118,GreenOffice Solutions
contact119@megadistrib.fr,119,MegaDistrib Group
contact120@alphalogistik.de,120,AlphaLogistik Net
contact121@techsupply.fr,121,TechSupply SAS France
contact122@bureauplus.fr,122,BureauPlus Europe
contact123@electroworld.fr,123,ElectroWorld Pro
contact124@mobilier-pro.fr,124,Mobilier Pro Plus
contact125@papeterie-express.fr,125,Papeterie Express Expert
contact126@innosoft.fr,126,InnoSoft Direct
contact127@datahard.fr,127,DataHard Global
contact128@greenoffice.fr,128,GreenOffice Solutions
contact129@megadistrib.fr,129,MegaDistrib Group
contact130@alphalogistik.de,130,AlphaLogistik Net
contact131@techsupply.fr,131,TechSupply SAS France
contact132@bureauplus.fr,132,BureauPlus Europe
contact133@electroworld.fr,133,ElectroWorld Pro
contact134@mobilier-pro.fr,134,Mobilier Pro Plus
contact135@papeterie-express.fr,135,Papeterie Express Expert
contact136@innosoft.fr,136,InnoSoft Direct
contact137@datahard.fr,137,DataHard Global
contact138@greenoffice.fr,138,GreenOffice Solutions
contact139@megadistrib.fr,139,MegaDistrib Group
contact140@alphalogistik.de,140,AlphaLogistik Net
contact141@techsupply.fr,141,TechSupply SAS France
contact142@bureauplus.fr,142,BureauPlus Europe
contact143@electroworld.fr,143,ElectroWorld Pro
contact144@mobilier-pro.fr,144,Mobilier Pro Plus
contact145@papeterie-express.fr,145,Papeterie Express Expert
contact146@innosoft.fr,146,InnoSoft Direct
contact147@datahard.fr,147,DataHard Global
contact148@greenoffice.fr,148,GreenOffice Solutions
contact149@megadistrib.fr,149,MegaDistrib Group
contact150@alphalogistik.de,150,AlphaLogistik Net
contact151@techsupply.fr,151,TechSupply SAS France
contact152@bureauplus.fr,152,BureauPlus Europe
contact153@electroworld.fr,153,ElectroWorld Pro
contact154@mobilier-pro.fr,154,Mobilier Pro Plus
contact155@papeterie-express.fr,155,Papeterie Express Expert
contact156@innosoft.fr,156,InnoSoft Direct
contact157@datahard.fr,157,DataHard Global
contact158@greenoffice.fr,158,GreenOffice Solutions
contact159@megadistrib.fr,159,MegaDistrib Group
contact160@alphalogistik.de,160,AlphaLogistik Net
contact161@techsupply.fr,161,TechSupply SAS France
contact162@bureauplus.fr,162,BureauPlus Europe
contact163@electroworld.fr,163,ElectroWorld Pro
contact164@mobilier-pro.fr,164,Mobilier Pro Plus
contact165@papeterie-express.fr,165,Papeterie Express Expert
contact166@innosoft.fr,166,InnoSoft Direct
contact167@datahard.fr,167,DataHard Global
contact168@greenoffice.fr,168,GreenOffice Solutions
contact169@megadistrib.fr,169,MegaDistrib Group
contact170@alphalogistik.de,170,AlphaLogistik Net
contact171@techsupply.fr,171,TechSupply SAS France
contact172@bureauplus.fr,172,BureauPlus Europe
contact173@electroworld.fr,173,ElectroWorld Pro
contact174@mobilier-pro.fr,174,Mobilier Pro Plus
contact175@papeterie-express.fr,175,Papeterie Express Expert
contact176@innosoft.fr,176,InnoSoft Direct
contact177@datahard.fr,177,DataHard Global
contact178@greenoffice.fr,178,GreenOffice Solutions
contact179@megadistrib.fr,179,MegaDistrib Group
contact180@alphalogistik.de,180,AlphaLogistik Net
contact181@techsupply.fr,181,TechSupply SAS France
contact182@bureauplus.fr,182,BureauPlus Europe
contact183@electroworld.fr,183,ElectroWorld Pro
contact184@mobilier-pro.fr,184,Mobilier Pro Plus
contact185@papeterie-express.fr,185,Papeterie Express Expert
contact186@innosoft.fr,186,InnoSoft Direct
contact187@datahard.fr,187,DataHard Global
contact188@greenoffice.fr,188,GreenOffice Solutions
contact189@megadistrib.fr,189,MegaDistrib Group
contact190@alphalogistik.de,190,AlphaLogistik Net
contact191@techsupply.fr,191,TechSupply SAS France
contact192@bureauplus.fr,192,BureauPlus Europe
contact193@electroworld.fr,193,ElectroWorld Pro
contact194@mobilier-pro.fr,194,Mobilier Pro Plus
contact195@papeterie-express.fr,195,Papeterie Express Expert
contact196@innosoft.fr,196,InnoSoft Direct
contact197@datahard.fr,197,DataHard Global
contact198@greenoffice.fr,198,GreenOffice Solutions
contact199@megadistrib.fr,199,MegaDistrib Group
contact200@alphalogistik.de,200,AlphaLogistik Net
